,checkout,dairy,drinks,entrance,fruit,spices
checkout,1.0,0.0,0.0,0.0,0.0,0.0
dairy,0.08906071019473082,0.7445589919816724,0.06242840778923253,0.0,0.05154639175257732,0.05240549828178694
drinks,0.20926829268292682,0.01121951219512195,0.6097560975609756,0.0,0.09073170731707317,0.07902439024390244
entrance,0.0027567195037904893,0.2839421088904204,0.15988973121984837,0.0,0.35837353549276363,0.19503790489317713
fruit,0.2054794520547945,0.08806262230919765,0.050880626223091974,0.0,0.6078277886497064,0.047749510763209393
spices,0.14506927465362673,0.1915240423797881,0.17685411572942136,0.0,0.09698451507742462,0.3895680521597392
